"id_track","id_artist"
"5klQSk2bLb0U3vnvGJUZf4","3xGlLcG9CUrs5MvFkSLOS5"
"4EHbsQ6mzg1eReuAFh0b51","61r4cE4aoOD50wPNhQ5fF7"
"4zjBp0Jp1Ij3e1flAn2BPq","3ALm6zJLaJMWV0r89kuYtu"
"0qgOTifFiRDywPib2Rzy42","5jcswtptZttxBwWKXbR5k5"
"4xz34M5LL2nt3RrZVUc0Pz","6hu9cUsJDFg2kUkAAjOepA"
"2bBfij1zEsNlhQ5uxLJwIo","6q8f3fxaWqkXzkbxtKOzYF"
"28VLTrPaxvmNfeouDsUkll","1h5O32I1o0VOnpLmKXLfRa"
"574z9vuLhEJ0Tf56AfhMID","5pJV7GdYrjU3zQpxc24kN7"
"51LDvqAyI73jX4ImoDoBQK","0EqkKYDK9EkKY5N7zU3FPv"
"2GTMUGk2QvzocB7bQWtLLW","0sqq7uB8agn7oT15sssKRz"
"0pWIi959kNIUJiM29w8HWa","2S9e1hAGqLqWcjanufgFcn"
"0PCETLK5gFG86OPigGDw2e","5d5jafxHTP33OEUupZCxJq"
"0PCETLK5gFG86OPigGDw2e","1PjKnsWzJra4dV8OXiNC5F"
"537pOiMrPwFoXNNXr9lb6z","7qE9giF76uQ8UcFwlZhiP6"
"2zW1Ubo9X7LpWKBc8zUI4l","3xGlLcG9CUrs5MvFkSLOS5"
"3etZrSVfWuXmf78JM5Cpti","3ALm6zJLaJMWV0r89kuYtu"
"3TtellNIzeM8AaU0k70UFm","61r4cE4aoOD50wPNhQ5fF7"
"2Vzv0JvcQaZuHFxAoUiIfH","2S9e1hAGqLqWcjanufgFcn"
"6oWt1UAZiOhtLee1JLpOMB","5d5jafxHTP33OEUupZCxJq"
"6oWt1UAZiOhtLee1JLpOMB","1PjKnsWzJra4dV8OXiNC5F"
"5IwimmWEwv2bVrpLinCQU9","1h5O32I1o0VOnpLmKXLfRa"
"1hPVIc0WzglZgUuG6dyTj0","6q8f3fxaWqkXzkbxtKOzYF"
"1JShunMx4PwaCjP7JPYq2l","5pJV7GdYrjU3zQpxc24kN7"
"2nC20pMIXKPpo2jN1zxhQL","0sqq7uB8agn7oT15sssKRz"
"2AGQAo1Vn6h6ScTyf8gKDn","5jcswtptZttxBwWKXbR5k5"
"6LLKFx74ktBwZXmhUfkGqk","0EqkKYDK9EkKY5N7zU3FPv"
"2G4fzXztwUTCakrqvzT6XV","7qE9giF76uQ8UcFwlZhiP6"
"0PGOkqF9tRyd63f5WAay6D","6hu9cUsJDFg2kUkAAjOepA"
"00JbznfNVCiSSqLXI7wd5B","25x6MD0spNNS7z93Sat30K"
"0I6jp8AUdOgYQ2DOxF4mCH","6hu9cUsJDFg2kUkAAjOepA"
"0I6jp8AUdOgYQ2DOxF4mCH","0QJKELJZZuLAjqLOOixJm5"
"3ZPbvZboXCVUmpx4W4PXnW","3uAIPzsjVYXpAek9PPxIXt"
"25AjZDlWbbHCwbsvoKZj7B","3TAYxk5QBcHunmb0qkeTn2"
"12mK0iRSJq8T380R8yb0Qj","62C5P1caRIK12ndTkzNJjA"
"1bqVyrIs9YLylyygqrc3nX","6oHCbM8jtvJRe0BjKQ90mD"
"3rtmsEQY4BB6BG6Reho8tP","4vhlKamY3mdKkq6V6cChOJ"
"1TLBIsqwqyvULYhbpIxLKH","15tvxTXbemwnKQq1aRoPpI"
"4q5gpE90NNbtuVLczJmKfu","0dwEXtB6gceh7EO7tCsxhD"
"6FP3mKOJkBpolJSPDGsYf4","16VwDz5nZgs3ZPEN5xmORY"
"3Kxi9YyQqohb5ixFIcJdIA","2jLEscFAP2hVe8fsJ0HO6I"
"3ZE4tvto9zxJj4QaXJ2tvD","43wEeBstQu4lBC5V6oRdNG"
"78flPZdW6F2pNfIkVVKCRI","3TAYxk5QBcHunmb0qkeTn2"
"6NiDg8UuhxKNDzi1UNFhr6","16VwDz5nZgs3ZPEN5xmORY"
"1fSGLrhhN6qxkWm84HnLV1","4vhlKamY3mdKkq6V6cChOJ"
"4BG9pNnvqQYlYDVUF8vB6L","0dwEXtB6gceh7EO7tCsxhD"
"1lPfJoknvcOXYjCjKV2ITK","6oHCbM8jtvJRe0BjKQ90mD"
"0RPaC4Dnn0ciOA1sg42UQJ","25x6MD0spNNS7z93Sat30K"
"4cYafrQf7sQrieEB6Hixhl","3uAIPzsjVYXpAek9PPxIXt"
"3uikVojUeJd9qXO95IDlyy","6hu9cUsJDFg2kUkAAjOepA"
"3uikVojUeJd9qXO95IDlyy","0QJKELJZZuLAjqLOOixJm5"
"4PIK9I8eAre3EVztCm1N2B","2jLEscFAP2hVe8fsJ0HO6I"
"44Rq07ln5U9hApbpwNZGoT","62C5P1caRIK12ndTkzNJjA"
"3uCoSh9fvOC1CgE6gQt7Kx","15tvxTXbemwnKQq1aRoPpI"
"1zXsHbKLAe4jl7ZtD2CJ2r","43wEeBstQu4lBC5V6oRdNG"
"0kvmefxq2QnrRPGOKJeb4F","0dE9ooTNz8iEKIKItRI66t"
"2GVG2sKZNTD4T6ycUbwJCb","5mXMQJHLLfym1KyNcDrhoZ"
"6uTChbdCumRwQDy760TFkG","5jcswtptZttxBwWKXbR5k5"
"7ejTsX8qMOkUTAZbeYKsAJ","0EqkKYDK9EkKY5N7zU3FPv"
"0UILeV4tZ5W11JngwEY0gD","5pJV7GdYrjU3zQpxc24kN7"
"43CHA5QmM4gRSRW0gZKH7h","0kcOfjhVfDMTS09s9aLmuD"
"43CHA5QmM4gRSRW0gZKH7h","4IKtlNi0pEltspa4wFHHCL"
"0c0MzkvRtENRNXtvXUOVjk","2SWOP0LsgpQQZa8olP3Wup"
"0XQljnUw4pswrnFrloDhYE","0H1InhXaXQPL1aj0mvHemU"
"7yNMyh0tkK8OUKMxR07T8L","5zRmtoBOCk7JaYHI78Y5b5"
"0x6WOqfq8xgXubSnrqEHYC","0tTS475qIqv3KXYZMXjsYy"
"4p1aUp40Z9IuCJtMNxHoGh","2cNC9hjjdsMKLv0m2m9p1D"
"5EQtwURl4A38cpoqPfoGns","0Ob8qRZ9R1jhibRue9ap1H"
"22KwGU2Z0WvRwozbiZY5Rx","64J8DKMWjl0AxL30tawsLh"
"3JFpWwe29hT8ouFffIINLO","4IKtlNi0pEltspa4wFHHCL"
"66vU4pX8wc8fJmNXkWmIHJ","2Wihg8pti3bPnQ4ByrU309"
"0aGUn0Dvyeqmn54lGFCBvn","2euLqbHMrE4QXMFMEBGqOs"
"0aGUn0Dvyeqmn54lGFCBvn","1r3U4ooJivdMBlvSHPzt0Y"
"2BxhBg9c6sKXOZRUgJotU8","3rlKqNmhaP9UiC0wFQyFS3"
"4jvzwVSNGlpapJ3YsR08um","2TtebnfWKMq7LCi2A9BlU4"
"4FIZpPI4oCuAfK6emmC77c","4zf0kIjnzqjWlI3Eaw5VlA"
"6WPDJLHlR2fFXNaRKq0jqm","4jFlmD92WULLlaRS8Cj6QS"
"6RD0waU19WLiGdtqH8rA9x","0rVjxMmahuf20itFlVo1Di"
"6RD0waU19WLiGdtqH8rA9x","27F6zQrVHjYhAQp3ffmWwZ"
"7AQaju7p79FqJzooY3fHrj","74GAIbV9WqMEciQF9kgZYj"
"15dYrloTvmcrkZ7xv5mfID","0tTS475qIqv3KXYZMXjsYy"
"06MnRI9OFcUzM7sjMGqctF","2Yi5fknmHBqqKjHF6cXQyh"
"4AoZRBvhitgfzYG9ncmMz0","0ba6wsfB7G2rhdHMebCdO3"
"4D0hrQbLPnaNLwp64xSg83","62C5P1caRIK12ndTkzNJjA"
"5GD4I3kHgWatpsYPI8st7J","0L1f9i3L3fkMNENljDOsjG"
"4u5MYu9YMlcKVaoyBecy1M","25x6MD0spNNS7z93Sat30K"
"1X9HTWtKoFHaGf2Dcv2Va8","0EqkKYDK9EkKY5N7zU3FPv"
"73wYIL1vixAtfVWOi5tTi4","61r4cE4aoOD50wPNhQ5fF7"
"4OVNC5zr5K7wGoUoAoZOFJ","6YqnuGUFh2n0bnLdxpszxE"
"3mBROtKxM1QTRv98X1dArZ","5h3q1B0hEjnq3BL8WYh9GE"
"4mSz0r8y1prccxI58Yc4bi","7lkfsloQGm2Z9S9kbmIcFU"
"5cEFbiFG47O7AybLhMf1V3","6du9Puo2l3J6yBZjWvu8Sx"
"3Ru8fEyooghcKYli4vK0JC","3bf7Y2it29DeOjXpIibCOe"
"73PluofnoIO7GOkundDqLC","6q8FspLLQOHpabMMbEb8Vq"
"2O8WqURCxdyLz5itqswXr8","54dqxLAclwu0QSaTwCyCaF"
"2cHbgxEYeulz8ud5wNVXJR","2SWOP0LsgpQQZa8olP3Wup"
"4UPyr3Tep8idtAmisAu1qs","5lzqFxifzjxYHGJxuwQqtR"
"0zWQHhueWVnSvdmOFWuWoh","5VxhGHbcuvqTLRUWzBUN8L"
"5VL6LfK1mJHwqX4abGn2Xn","4XWTdNlsP8jqo5BDn5hgmd"
"2ReYmR7wsJLnschkvbZe2W","1CF7hrTuWgErEa6HBFJ8d3"
"07I7orzFRkCiH29Bcqo7oK","7dNlfF1yoOCoclHmZuUemi"
"1ERYjQ3zI56pmjGvSnDOsY","4Qd0fF3Bmarm9njMZetTrw"
"6nX309LzbDzBrSbimYfSKe","3ebOqZZsLCDAkLS6QdI8cc"
"5SybvK90NYbGkvpfsL5QU1","7GgpsUpkj3olseoaTY7TEY"
"5Pnv3MGEYuxALkCjloH04R","4IKtlNi0pEltspa4wFHHCL"
"20cnvre3xAna8nTSRKKlZo","0zcmS7osRfOk8EJpwUvQFr"
"72qJov9P8B5Q70VgOjmuj3","7GQA0yMdSaivapYpUqgfKJ"
"2hoASOpfTGadKvTxkcXQR3","1vANzzDo9L1ZyCKJaYQQvq"
"2iTzJi0Nh4gyjwuuwbXBkj","0kcOfjhVfDMTS09s9aLmuD"
"7tGxTSzUXpSl0TsHR0a8uS","5pJV7GdYrjU3zQpxc24kN7"
"3JaQvvWjjLG7CLNBPoxxjS","5h3q1B0hEjnq3BL8WYh9GE"
"1EZFHO1j4UlZU8SgAwhky8","0ba6wsfB7G2rhdHMebCdO3"
"2RSVqZNFZyTZimeJMSkPQP","2gpELJDuhOQi1DPcI0VFvw"
"5zlBs3Gdhj8XGGvcooUOYx","4eSMsVzRJHhN1aq0IvZcyn"
"1t8PbNKIWiylCWmClOt67L","3vuKNU7lgoecqjnArUKom6"
"4qhwfCIIhAiIZmYuiA4VI4","0dwEXtB6gceh7EO7tCsxhD"
"38cOnygoTa7ZrVsML7sWCd","64J8DKMWjl0AxL30tawsLh"
"38cOnygoTa7ZrVsML7sWCd","3eGl8cDy9vbAC3PlHQUh3g"
"6ZdBQldKkDFNmgIURaE8vw","2Nsm5iGxbJxHoGZwrsOurY"
"6ZdBQldKkDFNmgIURaE8vw","4PBrqyr7xtWlqCRZFMIssQ"
"1oMYET9xQB8XpxwTt2c5Dz","4XWTdNlsP8jqo5BDn5hgmd"
"1oMYET9xQB8XpxwTt2c5Dz","3ebOqZZsLCDAkLS6QdI8cc"
"6134tdWf6qjAGgQs1xJRyA","1MBjY2JFotAGoTYDfO80cM"
"0qM6TGkkinhKFllbcRfL8u","0EqkKYDK9EkKY5N7zU3FPv"
"4bcnbiMh17aDc5b72XzQb7","3vuKNU7lgoecqjnArUKom6"
"5J9aAyK2Fl0Uk9uje3F0Cc","4MR6tQyIrWK82b56cYPBDv"
"5J9aAyK2Fl0Uk9uje3F0Cc","6gXrMknarCxosAADyDHfme"
"5J9aAyK2Fl0Uk9uje3F0Cc","4KkD8gPbjRCdFybDN5wFNW"
"0YhC914Z6rLoTJJeZSBMq8","1h5O32I1o0VOnpLmKXLfRa"
"34RMBYAfVXRfSpZBUOu63S","3MQtBfmpkIWAxzuXgLznx6"
"4Apr4hRIZhaXiitbVgS1kH","2QWrpLRDeBD1NwWAsytBRi"
"4Apr4hRIZhaXiitbVgS1kH","6ZABE2V1BqiqDoTT8kgeJb"
"5qq6nHgnmGYbVUcf7ErUal","72A0Z8q8NiochyK9gUHpCR"
"7hPEhgdUaxVyLzApkc1j3L","0rVjxMmahuf20itFlVo1Di"
"7FEsp68x7hlhqKU5eU3GoI","3J3PdLj6v1uAs1mWKpzZbX"
"1ezBfghBSsZm817e471RrO","3Q4phRnS8Pcq8s5FRA1aIO"
"1ezBfghBSsZm817e471RrO","3nDdKfyI0uMX2svRHHy0q0"
"2Agrk6q6pCDFFlZ5OzYpNl","3uAIPzsjVYXpAek9PPxIXt"
"0LY8BlhqLdCQuCNE2KzTSp","62C5P1caRIK12ndTkzNJjA"
"2Cmk3aHdtv9XfxfgUNqwi2","5HSP2h4Ai5izYppJrrTijV"
"2ZLcqBDciJX6dTZPu4OoEw","0wSk7M2UXea9whwjDzmK4R"
"41Mi9Odkd1vsNahQJezxw4","5zRmtoBOCk7JaYHI78Y5b5"
"5y2Lizi6Na0wV0KLKWfKtV","5rkWh6pgDRZKzJfuccl4qF"
"5y2Lizi6Na0wV0KLKWfKtV","1N0Bm9VCkURJH1FHVCKEcK"
"5B3FJXc8iRCg2EzcHoffNv","1dRsXw2TtfCXfqMLRiP088"
"4UmLL12rZPLHKkQNW4mzoI","61r4cE4aoOD50wPNhQ5fF7"
"4UmLL12rZPLHKkQNW4mzoI","0LiO8GSrYuUjCWMpM0M28q"
"4szQkW1CDHqbRZGltXJdd3","06nvjg4wBANK6DCHjqtPNd"
"524euygKKFWurhvIdSrkg6","3hN3iJMbbBmqBSAMx5veDa"
"4bC3PgzOLeqOfluhN3nMpf","0dE9ooTNz8iEKIKItRI66t"
"7CwSOlR99SUUjNrO4qbAXj","2XpUprTohaksHpVjUtTvlx"
"5YdEQiynLpBRBk8CLEd9sG","0sqq7uB8agn7oT15sssKRz"
"2Ig3npEMsgVAN2NtRuSyh5","6q8f3fxaWqkXzkbxtKOzYF"
"2Ig3npEMsgVAN2NtRuSyh5","5DkmrXKeWgDS86KKEw45o6"
"2Ig3npEMsgVAN2NtRuSyh5","1fLNnD2YIhtUR8VrX68As4"
"0NmyHZZMfVBiUSOfDmz9Bf","5iot8OPcosJN9nCl7I5SdK"
"4CIz04R4dBbR1n8PnBLYsM","25x6MD0spNNS7z93Sat30K"
"6RrHjDbTT8ibYqSBsZbmRA","0lI3rF4hi4op6UxqlLHPzv"
"6RrHjDbTT8ibYqSBsZbmRA","57aMHpsX2SXTbLatmeEd6j"
"6RrHjDbTT8ibYqSBsZbmRA","2lkP8239tkwRjg5N7d2D0w"
"1hf823Dtg12gHo3d2R6Ne8","4Umo1uO9VemTgnkjeUhx8c"
"4QkibOQBBrpdsCgZBpSlgQ","4mAsWDGLUIEdo6imU77WG6"
"4MDRt2vfYMkXCLXAVgnWJk","4xgOj3GP5I1do9ip0MQkLa"
"7wCy2DkFk10xNX0Pyozy4k","237CwiTh0USBnyLOSC3FIW"
"7I4NSuAPhDmnOZbDet3Blt","1gRsYpSd9fR8x92ppdlCg3"
"59yBT6IZ90C0ccyS4klAxi","3TAYxk5QBcHunmb0qkeTn2"
"31WtgRazL0iXCyy4AQ6qMt","7dNlfF1yoOCoclHmZuUemi"
"6QNEyXdCFG7OWjNxQ20BYJ","7nrxF1ilcwJNHofGUfsC84"
"4rwKn954sAK61ojiPVIxuP","1xqolkIzTFMmqgCuD48WNt"
"4rwKn954sAK61ojiPVIxuP","0vQk2DnpCtSLT8QeMbCE6L"
"2tZA8zNo96UD8rdq5vC2CD","5mXMQJHLLfym1KyNcDrhoZ"
"2hbGA5MDdAa6Q9c8gZkCyD","0Tuudqq2NACRXkvTQGazY2"
"1swo5VAuZNfhXuBd4LfLVO","2Yi5fknmHBqqKjHF6cXQyh"
"1swo5VAuZNfhXuBd4LfLVO","4FTMyLkoEE9oEUpCv3Dr4p"
"0eqQR3EVbP4b21Cp7ineoy","2TtebnfWKMq7LCi2A9BlU4"
"22OnbhcrcHzcuBgHAvuZZG","2A0z6Qg6u9zBYIJW3Cr64J"
"4vxDJkY6z6LXlyah9sEc7E","4xhEhRE75hHgXMeNeeTTsx"
"4vxDJkY6z6LXlyah9sEc7E","67ZKaYOA7fXtnWve33FcSX"
"5OaBhC8NjdqDhHF9I6r9lS","2QWrpLRDeBD1NwWAsytBRi"
"04ldF8QeASSyJLMtZJJfqA","5lzqFxifzjxYHGJxuwQqtR"
"17j76Q3fmROd2eL4M7Vira","6RdcIWVKYYzNzjQRd3oyHS"
"0kyDrvGlKCTwnRQHJ30s31","3J3PdLj6v1uAs1mWKpzZbX"
"6cYGvHEO8IQaNYXZQWxcCi","6gTrPTTb3XgiLt7GGcmf8j"
"0pVfvpMSFsabyuydMihDi1","2QezBWDHOoFeVCM3wlzTDu"
"0enRz21WfeQKKV9StgrKv7","7GgpsUpkj3olseoaTY7TEY"
"0h4ul0Jzc9p1Velq08gAbH","0lI3rF4hi4op6UxqlLHPzv"
"3Jic4OLwjFVUPzRWw1e2wO","0Ob8qRZ9R1jhibRue9ap1H"
"0uq5cbQmpGciCLEveRDEdX","5DkmrXKeWgDS86KKEw45o6"
"0uq5cbQmpGciCLEveRDEdX","6JhUHne9H09NdkTI5E9GSt"
"09GP74AHMzKmeaeiQl8Et9","6hu9cUsJDFg2kUkAAjOepA"
"4JNT4VElmvNmJaQUhwPzg9","5mTg1ztZByLRHsOEtwmT4G"
"3mj23ZA8LARtZSSVJxIZOi","0QJ3p787u7KD0ZhD5vzrCA"
"1RMqnkAjl4yIdK8bTrlYQ5","7n97gdKHt1WpbhwCSaZGN8"
"3H4zdVdlEROthhSDHFrmAp","0kcOfjhVfDMTS09s9aLmuD"
"236psTBJ35oYjuEf3M31VD","1x0zlfJWTnI08gqAwMrGpX"
"5i3IwkvK2H4bYMk29tGlxC","3xc8CD41vwsoBNkGXL3pS7"
"00JISwCHE4ZTWejgmT4TFU","7GQA0yMdSaivapYpUqgfKJ"
"7KjnjJR7kAlYSkOabeb7F1","4Umo1uO9VemTgnkjeUhx8c"
"4xQYcRbtPNa7V0X1vpDsXu","0ZhqSTaEEWN6USw0E30pws"
"7AM28iUrHSXsAM5pV8Rncj","3o7fC2O4nraaicpID6bBZW"
"22p4qZqzdy1BOtaxWC7NPX","215ciYy7TIYnGRim0I1nJ3"
"5DKbPEGPIhTk1LouggxExD","1DyU8JVejfDzqXo9x2mFfQ"
"6v2eWAtpP4WDrxRDAG9FwL","01U4yWwtUKMckbI55OiT7g"
"6v2eWAtpP4WDrxRDAG9FwL","6RUY9TXdPIoeOExtd9twr0"
"1lWWoec2z1j88GRblI5anV","0lAWpj5szCSwM4rUMHYmrr"
"0ZqHo6eTBHUcOVjZzPvftT","4jFlmD92WULLlaRS8Cj6QS"
"0ZqHo6eTBHUcOVjZzPvftT","3pgCLfNbw5ozIfoNsvDU7i"
"5kYheNyo7xHKPsUWAFzXr3","4XWTdNlsP8jqo5BDn5hgmd"
"4LAWJfQbfeMrlX0ShqhC2a","2KX2VLr3Eu6sn6EtxzCtvf"
"4LAWJfQbfeMrlX0ShqhC2a","1k3zqz5SgrYCE0wpcfJX3g"
"0HyDNYQmQ3obfA81D3y9tG","5iot8OPcosJN9nCl7I5SdK"
"4jmvkbDw0cuWD2Fi9VswFQ","00CsjN69YCczmdW0bDKaCC"
"2lBLzzEARN8mGgHFaXYKKk","0EqkKYDK9EkKY5N7zU3FPv"
"1eIS75JS5rfbJpSu6ZC9EO","1vgQksyJ0IVz8y9XerEOy3"
"4GMhhHsoCvHxPKYMLZcKSA","6W7O7oseXcbYLoiarQrpOw"
"3WcWRr8wIkwPQOTYBWjEGf","25x6MD0spNNS7z93Sat30K"
"4oeFVHLTmTRbvWOk68cetc","0YmQyGKpZgGSDxsC8iEGQU"
"4auC5vJjd4cIMVPWn6Mxsn","3ZoQo4lRRScMfUt80dixVp"
"4auC5vJjd4cIMVPWn6Mxsn","5Or6NSwkamM2NsaHp9VMc2"
"1SIp3BtzYxFfVy7AD8r0PZ","1MBjY2JFotAGoTYDfO80cM"
"7g1MeIDCN0R36wi4bNarbN","62C5P1caRIK12ndTkzNJjA"
"76CrXIDgHoaKTdAoJGWf1z","5jcswtptZttxBwWKXbR5k5"
"2tD5TzOdRk1ld9oR4iKNQG","1QeqGmpgU5Yg74GNcjIIq3"
"3tx0Rl5JSvTVfPMuDd0CdN","1h5O32I1o0VOnpLmKXLfRa"
"00QN58Gx571pB1MEuBAcmL","1hM06YHQ635cZwwUbn7dpk"
"00QN58Gx571pB1MEuBAcmL","0kbBijEWCi7FWrBpnpOcHd"
"6PjFhlsfcwcmngrd4MK23Q","3AVx3OBPIk4pJQllAXoVs1"
"5qn15Hs4s26YaNd5UWVe00","0Sv8sjzMHBbAWXt4CGB9Us"
"0ByLQuJ5fcYqbuWipVZjx0","4xgOj3GP5I1do9ip0MQkLa"
"70KqwbQeRUeMiGqxslGMR5","3TAYxk5QBcHunmb0qkeTn2"
"4085y98SzDPD1cUSwYz1Tj","1UjLyuJUXKzlECQRLIsF3n"
"6QWPNbnMXieBMujtkB0R6v","01U4yWwtUKMckbI55OiT7g"
"2rU4f8Ou8hZLPkyeZK2a9H","5bxbPQo0VkFgZKemF0YKb4"
"2vbQREBRczk9Jzpv7jDdsS","05kigUQCchmbJDmhDiYiS0"
"1ZMGp9MTXbtAPvcKa0U3zS","06nvjg4wBANK6DCHjqtPNd"
"1ZMGp9MTXbtAPvcKa0U3zS","1MRiIeZbc0cRuxOafDUCtH"
"6KmAKMya9pOL5RUl0FS46a","2ARH58Hit3yC6ziGdhma23"
"563Zhnk0v3WwVR0EsYlMNn","15FrhfFYJIx7Ijltkpjbsr"
"0hluyTCTSua59xYuIRqpe5","5iot8OPcosJN9nCl7I5SdK"
"5HujDMiRNqZwEzVAh3oFD3","7dL0nOHwnSAsNAwpkPSGWP"
"2YqCCbTVa9ODiS754EXKxR","0gzwXezN4IUHAwLufA6YcX"
"0jLeyuu6mtsD384054xLah","0YmQyGKpZgGSDxsC8iEGQU"
"403FXQMtbcwB1t1snOQsp9","1VZvpyWFZWk1GitulKUo3d"
"3FVa0R2evbgjVOd3bejudr","7muPB2GhV0sEg2K1Fgj0Xm"
"29z1JCsMAx5ahaP3HV6Ful","1CF7hrTuWgErEa6HBFJ8d3"
"2UaTiaxdp9uaRb6fMy8qpR","5Imsy0ZXNi7uWLJpP5dZ8b"
"7fgEx5OxzDP1hw50mJeDMh","3ebOqZZsLCDAkLS6QdI8cc"
"3pC3gQ9YLBBVDgjzPdbF08","0lQtBhjEJpoOroQS6fbWMc"
"4WJVLEkcMMV2tHo1Bd65VN","0lI3rF4hi4op6UxqlLHPzv"
"0ghwEektHMemDGqmOzsNnc","62C5P1caRIK12ndTkzNJjA"
"5u4WqrYhQA5BUvqN5syYil","7HtzacrJpksCiS6qHypb8l"
"5u4WqrYhQA5BUvqN5syYil","7eIqewR3PiwQDItf5G2SyV"
"0GsZZWhBMIQXAmPYPJ3PRQ","056KMTw6IztdQjBmFfVyO3"
"6UNuErV8ejuYcWyVDDGntN","06WyIm2la1sB8sKdfWAvU9"
"14FAAlZJ36VMPIF7yHV3mg","6qSYb2AiQlXlAoa50vLx5m"
"0GNs56eb5LSYISdi3akjeR","47RMRcPX8zWGaiMSZRuOd4"
"0GNs56eb5LSYISdi3akjeR","1XZA7vX3UDejpAFJtywlL6"
"7zNETJfblL6s91QGKeIbuM","6GSNzwDDZ7M6bquJtrsH3g"
"6ZxO5BM5fEWfmxo8o9nbXy","3J3PdLj6v1uAs1mWKpzZbX"
"0iBY803rcJUKZRjSxKX9GD","0dwEXtB6gceh7EO7tCsxhD"
"5QcKmCvGDbMvbJQZh75YVd","6k8mwkKJKKjBILo7ypBspl"
"0Dz9zyx2w3zYtRK6yp3VKD","35V1WomiedCJeGfupcPm7s"
